technical_rank,speaker,technical_score,snr_proxy_db,noise_floor_proxy_dbfs,rms_dbfs,peak_dbfs,crest_db,clipped_pct,silence_pct,internal_silence_gt_700ms,duration_s,technical_band,editorial_status,sample_url
1,8,100.0,66.4,-84.03,-15.89,0.0,15.89,0.0016,22.01,0,76.53,A,TO_LISTEN,https://raw.githubusercontent.com/supercdn2/fluxcore-video-assets/main/voice-casting/journalia-torture/speaker_8.mp3
2,55,100.0,59.78,-78.19,-16.13,0.0,16.13,0.0022,25.57,0,76.67,A,TO_LISTEN,https://raw.githubusercontent.com/supercdn2/fluxcore-video-assets/main/voice-casting/journalia-torture/speaker_55.mp3
3,80,100.0,53.87,-74.75,-18.33,0.0,18.33,0.0012,22.2,0,81.8,A,TO_LISTEN,https://raw.githubusercontent.com/supercdn2/fluxcore-video-assets/main/voice-casting/journalia-torture/speaker_80.mp3
4,49,100.0,49.86,-68.88,-16.12,0.0,16.12,0.0037,19.51,0,55.18,A,TO_LISTEN,https://raw.githubusercontent.com/supercdn2/fluxcore-video-assets/main/voice-casting/journalia-torture/speaker_49.mp3
5,4,100.0,48.55,-66.9,-15.42,0.0,15.42,0.0025,18.42,0,72.77,A,TO_LISTEN,https://raw.githubusercontent.com/supercdn2/fluxcore-video-assets/main/voice-casting/journalia-torture/speaker_4.mp3
6,121,100.0,46.04,-66.13,-16.27,0.0,16.27,0.002,20.97,0,74.8,A,TO_LISTEN,https://raw.githubusercontent.com/supercdn2/fluxcore-video-assets/main/voice-casting/journalia-torture/speaker_121.mp3
7,36,100.0,44.45,-63.26,-16.73,0.0,16.73,0.0016,16.59,0,57.5,A,TO_LISTEN,https://raw.githubusercontent.com/supercdn2/fluxcore-video-assets/main/voice-casting/journalia-torture/speaker_36.mp3
8,24,100.0,43.97,-59.6,-14.65,0.0,14.65,0.002,20.72,0,86.51,A,TO_LISTEN,https://raw.githubusercontent.com/supercdn2/fluxcore-video-assets/main/voice-casting/journalia-torture/speaker_24.mp3
9,10,100.0,43.86,-62.6,-16.36,0.0,16.36,0.0015,19.61,0,85.19,A,TO_LISTEN,https://raw.githubusercontent.com/supercdn2/fluxcore-video-assets/main/voice-casting/journalia-torture/speaker_10.mp3
10,100,100.0,42.88,-62.48,-16.67,0.0,16.68,0.002,23.13,0,82.17,A,TO_LISTEN,https://raw.githubusercontent.com/supercdn2/fluxcore-video-assets/main/voice-casting/journalia-torture/speaker_100.mp3
11,62,100.0,42.16,-60.8,-16.18,0.0,16.18,0.0014,19.87,0,81.06,A,TO_LISTEN,https://raw.githubusercontent.com/supercdn2/fluxcore-video-assets/main/voice-casting/journalia-torture/speaker_62.mp3
12,21,100.0,42.12,-58.38,-15.25,0.0,15.25,0.0025,17.65,0,62.33,A,TO_LISTEN,https://raw.githubusercontent.com/supercdn2/fluxcore-video-assets/main/voice-casting/journalia-torture/speaker_21.mp3
13,14,100.0,41.77,-57.62,-14.85,0.0,14.85,0.0038,17.55,0,62.02,A,TO_LISTEN,https://raw.githubusercontent.com/supercdn2/fluxcore-video-assets/main/voice-casting/journalia-torture/speaker_14.mp3
14,17,100.0,40.76,-59.59,-15.83,0.0,15.83,0.0021,14.85,0,70.19,A,TO_LISTEN,https://raw.githubusercontent.com/supercdn2/fluxcore-video-assets/main/voice-casting/journalia-torture/speaker_17.mp3
15,66,100.0,40.5,-58.73,-16.03,0.0,16.03,0.0024,21.6,0,97.98,A,TO_LISTEN,https://raw.githubusercontent.com/supercdn2/fluxcore-video-assets/main/voice-casting/journalia-torture/speaker_66.mp3
16,22,100.0,40.34,-58.25,-15.56,0.0,15.56,0.0037,21.49,0,78.38,A,TO_LISTEN,https://raw.githubusercontent.com/supercdn2/fluxcore-video-assets/main/voice-casting/journalia-torture/speaker_22.mp3
17,97,100.0,39.93,-57.53,-15.72,0.0,15.72,0.0009,17.33,0,76.43,A,TO_LISTEN,https://raw.githubusercontent.com/supercdn2/fluxcore-video-assets/main/voice-casting/journalia-torture/speaker_97.mp3
18,72,100.0,39.61,-57.21,-15.35,0.0,15.35,0.0028,15.32,0,65.42,A,TO_LISTEN,https://raw.githubusercontent.com/supercdn2/fluxcore-video-assets/main/voice-casting/journalia-torture/speaker_72.mp3
19,13,100.0,39.58,-55.97,-14.91,0.0,14.91,0.0034,13.81,0,65.48,A,TO_LISTEN,https://raw.githubusercontent.com/supercdn2/fluxcore-video-assets/main/voice-casting/journalia-torture/speaker_13.mp3
20,105,100.0,39.34,-57.76,-16.77,0.0,16.77,0.0025,16.52,0,76.87,A,TO_LISTEN,https://raw.githubusercontent.com/supercdn2/fluxcore-video-assets/main/voice-casting/journalia-torture/speaker_105.mp3
21,122,100.0,39.24,-59.82,-16.62,0.0,16.62,0.0017,18.54,0,70.0,B,UNREVIEWED,https://raw.githubusercontent.com/supercdn2/fluxcore-video-assets/main/voice-casting/journalia-torture/speaker_122.mp3
22,116,100.0,39.04,-59.18,-17.65,0.0,17.65,0.0015,18.63,0,74.38,B,UNREVIEWED,https://raw.githubusercontent.com/supercdn2/fluxcore-video-assets/main/voice-casting/journalia-torture/speaker_116.mp3
23,77,100.0,38.89,-61.67,-19.75,0.0,19.75,0.0014,22.44,0,96.64,B,UNREVIEWED,https://raw.githubusercontent.com/supercdn2/fluxcore-video-assets/main/voice-casting/journalia-torture/speaker_77.mp3
24,92,100.0,38.83,-57.38,-16.11,0.0,16.11,0.0015,16.28,0,71.53,B,UNREVIEWED,https://raw.githubusercontent.com/supercdn2/fluxcore-video-assets/main/voice-casting/journalia-torture/speaker_92.mp3
25,98,100.0,38.45,-60.18,-18.67,0.0,18.67,0.0019,19.86,0,85.9,B,UNREVIEWED,https://raw.githubusercontent.com/supercdn2/fluxcore-video-assets/main/voice-casting/journalia-torture/speaker_98.mp3
26,12,100.0,38.4,-56.25,-15.78,0.0,15.78,0.0027,16.06,0,63.77,B,UNREVIEWED,https://raw.githubusercontent.com/supercdn2/fluxcore-video-assets/main/voice-casting/journalia-torture/speaker_12.mp3
27,27,100.0,38.2,-56.16,-16.25,0.0,16.25,0.0031,20.35,0,81.08,B,UNREVIEWED,https://raw.githubusercontent.com/supercdn2/fluxcore-video-assets/main/voice-casting/journalia-torture/speaker_27.mp3
28,109,100.0,37.43,-54.63,-15.15,0.0,15.15,0.0023,18.01,0,78.64,B,UNREVIEWED,https://raw.githubusercontent.com/supercdn2/fluxcore-video-assets/main/voice-casting/journalia-torture/speaker_109.mp3
29,96,100.0,37.37,-52.64,-13.88,0.0,13.88,0.0033,17.31,0,71.63,B,UNREVIEWED,https://raw.githubusercontent.com/supercdn2/fluxcore-video-assets/main/voice-casting/journalia-torture/speaker_96.mp3
30,3,100.0,36.83,-54.49,-15.58,0.0,15.58,0.0022,20.16,0,66.57,B,UNREVIEWED,https://raw.githubusercontent.com/supercdn2/fluxcore-video-assets/main/voice-casting/journalia-torture/speaker_3.mp3
31,93,100.0,36.67,-55.97,-16.66,0.0,16.66,0.0013,16.36,0,76.55,B,UNREVIEWED,https://raw.githubusercontent.com/supercdn2/fluxcore-video-assets/main/voice-casting/journalia-torture/speaker_93.mp3
32,44,100.0,36.47,-53.78,-16.04,0.0,16.04,0.0012,19.44,0,75.31,B,UNREVIEWED,https://raw.githubusercontent.com/supercdn2/fluxcore-video-assets/main/voice-casting/journalia-torture/speaker_44.mp3
33,86,100.0,35.99,-51.91,-15.04,0.0,15.04,0.0024,16.24,0,74.51,B,UNREVIEWED,https://raw.githubusercontent.com/supercdn2/fluxcore-video-assets/main/voice-casting/journalia-torture/speaker_86.mp3
34,39,100.0,35.98,-52.29,-15.07,0.0,15.07,0.0024,13.0,0,56.78,B,UNREVIEWED,https://raw.githubusercontent.com/supercdn2/fluxcore-video-assets/main/voice-casting/journalia-torture/speaker_39.mp3
35,68,100.0,35.47,-54.92,-16.15,0.0,16.15,0.0025,18.85,0,62.73,B,UNREVIEWED,https://raw.githubusercontent.com/supercdn2/fluxcore-video-assets/main/voice-casting/journalia-torture/speaker_68.mp3
36,114,100.0,35.36,-56.08,-17.64,0.0,17.64,0.0016,20.29,0,76.31,B,UNREVIEWED,https://raw.githubusercontent.com/supercdn2/fluxcore-video-assets/main/voice-casting/journalia-torture/speaker_114.mp3
37,118,100.0,35.32,-53.51,-15.86,0.0,15.86,0.0025,17.39,0,82.35,B,UNREVIEWED,https://raw.githubusercontent.com/supercdn2/fluxcore-video-assets/main/voice-casting/journalia-torture/speaker_118.mp3
38,64,100.0,35.18,-57.94,-19.01,0.0,19.01,0.0012,17.9,0,66.28,B,UNREVIEWED,https://raw.githubusercontent.com/supercdn2/fluxcore-video-assets/main/voice-casting/journalia-torture/speaker_64.mp3
39,2,100.0,34.79,-51.5,-15.25,0.0,15.25,0.003,15.48,0,59.31,B,UNREVIEWED,https://raw.githubusercontent.com/supercdn2/fluxcore-video-assets/main/voice-casting/journalia-torture/speaker_2.mp3
40,79,100.0,34.74,-53.28,-17.04,0.0,17.04,0.0019,19.98,0,69.87,B,UNREVIEWED,https://raw.githubusercontent.com/supercdn2/fluxcore-video-assets/main/voice-casting/journalia-torture/speaker_79.mp3
41,16,100.0,34.27,-58.48,-20.18,0.0,20.18,0.0008,21.64,0,76.43,B,UNREVIEWED,https://raw.githubusercontent.com/supercdn2/fluxcore-video-assets/main/voice-casting/journalia-torture/speaker_16.mp3
42,19,100.0,33.79,-50.54,-15.07,0.0,15.07,0.0023,12.46,0,69.35,B,UNREVIEWED,https://raw.githubusercontent.com/supercdn2/fluxcore-video-assets/main/voice-casting/journalia-torture/speaker_19.mp3
43,0,100.0,33.54,-53.79,-17.03,0.0,17.03,0.0017,15.87,0,64.4,B,UNREVIEWED,https://raw.githubusercontent.com/supercdn2/fluxcore-video-assets/main/voice-casting/journalia-torture/speaker_0.mp3
44,51,100.0,33.43,-47.64,-12.82,0.0,12.82,0.0041,12.77,0,81.63,B,UNREVIEWED,https://raw.githubusercontent.com/supercdn2/fluxcore-video-assets/main/voice-casting/journalia-torture/speaker_51.mp3
45,87,100.0,33.24,-50.02,-16.04,0.0,16.04,0.0021,13.32,0,77.93,B,UNREVIEWED,https://raw.githubusercontent.com/supercdn2/fluxcore-video-assets/main/voice-casting/journalia-torture/speaker_87.mp3
46,106,100.0,33.2,-50.8,-15.94,0.0,15.94,0.0011,16.21,0,87.58,B,UNREVIEWED,https://raw.githubusercontent.com/supercdn2/fluxcore-video-assets/main/voice-casting/journalia-torture/speaker_106.mp3
47,70,100.0,32.82,-48.77,-15.36,0.0,15.36,0.003,13.4,0,49.57,B,UNREVIEWED,https://raw.githubusercontent.com/supercdn2/fluxcore-video-assets/main/voice-casting/journalia-torture/speaker_70.mp3
48,57,100.0,32.68,-48.24,-15.1,0.0,15.1,0.0011,13.88,0,66.59,B,UNREVIEWED,https://raw.githubusercontent.com/supercdn2/fluxcore-video-assets/main/voice-casting/journalia-torture/speaker_57.mp3
49,82,100.0,32.59,-50.2,-16.49,0.0,16.49,0.0026,15.61,0,67.52,B,UNREVIEWED,https://raw.githubusercontent.com/supercdn2/fluxcore-video-assets/main/voice-casting/journalia-torture/speaker_82.mp3
50,123,100.0,32.53,-52.24,-17.52,0.0,17.52,0.0012,15.1,0,65.85,B,UNREVIEWED,https://raw.githubusercontent.com/supercdn2/fluxcore-video-assets/main/voice-casting/journalia-torture/speaker_123.mp3
51,15,100.0,32.47,-48.55,-14.82,0.0,14.82,0.0023,13.24,0,71.18,C,UNREVIEWED,https://raw.githubusercontent.com/supercdn2/fluxcore-video-assets/main/voice-casting/journalia-torture/speaker_15.mp3
52,29,100.0,32.27,-48.46,-14.99,0.0,14.99,0.003,11.69,0,67.95,C,UNREVIEWED,https://raw.githubusercontent.com/supercdn2/fluxcore-video-assets/main/voice-casting/journalia-torture/speaker_29.mp3
53,78,100.0,32.09,-51.56,-16.99,0.0,16.99,0.0014,15.54,0,66.66,C,UNREVIEWED,https://raw.githubusercontent.com/supercdn2/fluxcore-video-assets/main/voice-casting/journalia-torture/speaker_78.mp3
54,59,100.0,32.01,-51.36,-17.49,0.0,17.49,0.0017,13.46,0,67.5,C,UNREVIEWED,https://raw.githubusercontent.com/supercdn2/fluxcore-video-assets/main/voice-casting/journalia-torture/speaker_59.mp3
55,25,100.0,31.14,-49.22,-15.92,0.0,15.92,0.0028,18.22,0,74.31,C,UNREVIEWED,https://raw.githubusercontent.com/supercdn2/fluxcore-video-assets/main/voice-casting/journalia-torture/speaker_25.mp3
56,42,100.0,31.12,-52.35,-17.63,0.0,17.63,0.0017,13.99,0,63.75,C,UNREVIEWED,https://raw.githubusercontent.com/supercdn2/fluxcore-video-assets/main/voice-casting/journalia-torture/speaker_42.mp3
57,74,100.0,31.11,-51.94,-19.27,0.0,19.27,0.0013,14.78,0,77.39,C,UNREVIEWED,https://raw.githubusercontent.com/supercdn2/fluxcore-video-assets/main/voice-casting/journalia-torture/speaker_74.mp3
58,41,100.0,31.07,-46.45,-14.25,0.0,14.25,0.0032,10.6,0,65.31,C,UNREVIEWED,https://raw.githubusercontent.com/supercdn2/fluxcore-video-assets/main/voice-casting/journalia-torture/speaker_41.mp3
59,91,100.0,30.49,-48.9,-16.56,0.0,16.56,0.0028,12.46,0,56.69,C,UNREVIEWED,https://raw.githubusercontent.com/supercdn2/fluxcore-video-assets/main/voice-casting/journalia-torture/speaker_91.mp3
60,11,100.0,30.36,-50.71,-16.74,0.0,16.74,0.0028,13.34,0,64.93,C,UNREVIEWED,https://raw.githubusercontent.com/supercdn2/fluxcore-video-assets/main/voice-casting/journalia-torture/speaker_11.mp3
61,34,100.0,30.26,-45.52,-14.84,0.0,14.84,0.0028,10.31,0,55.68,C,UNREVIEWED,https://raw.githubusercontent.com/supercdn2/fluxcore-video-assets/main/voice-casting/journalia-torture/speaker_34.mp3
62,88,100.0,30.13,-49.75,-17.28,0.0,17.28,0.0022,11.94,0,67.0,C,UNREVIEWED,https://raw.githubusercontent.com/supercdn2/fluxcore-video-assets/main/voice-casting/journalia-torture/speaker_88.mp3
63,40,100.0,30.03,-48.68,-17.31,0.0,17.31,0.0024,13.73,0,64.39,C,UNREVIEWED,https://raw.githubusercontent.com/supercdn2/fluxcore-video-assets/main/voice-casting/journalia-torture/speaker_40.mp3
64,30,99.9,55.98,-73.17,-14.23,0.0,14.23,0.0048,19.8,0,50.3,C,UNREVIEWED,https://raw.githubusercontent.com/supercdn2/fluxcore-video-assets/main/voice-casting/journalia-torture/speaker_30.mp3
65,46,99.9,29.97,-48.78,-16.9,0.0,16.9,0.0022,12.94,0,54.56,C,UNREVIEWED,https://raw.githubusercontent.com/supercdn2/fluxcore-video-assets/main/voice-casting/journalia-torture/speaker_46.mp3
66,67,99.4,29.62,-52.11,-19.23,0.0,19.23,0.0017,16.63,0,61.45,C,UNREVIEWED,https://raw.githubusercontent.com/supercdn2/fluxcore-video-assets/main/voice-casting/journalia-torture/speaker_67.mp3
67,95,99.1,29.37,-44.15,-14.48,0.0,14.48,0.0017,8.65,0,64.99,C,UNREVIEWED,https://raw.githubusercontent.com/supercdn2/fluxcore-video-assets/main/voice-casting/journalia-torture/speaker_95.mp3
68,99,98.7,29.11,-48.15,-17.62,0.0,17.62,0.0012,13.5,0,89.93,C,UNREVIEWED,https://raw.githubusercontent.com/supercdn2/fluxcore-video-assets/main/voice-casting/journalia-torture/speaker_99.mp3
69,45,98.3,28.81,-43.81,-14.71,0.0,14.71,0.0037,8.13,0,67.39,C,UNREVIEWED,https://raw.githubusercontent.com/supercdn2/fluxcore-video-assets/main/voice-casting/journalia-torture/speaker_45.mp3
70,26,98.0,28.62,-45.18,-14.87,0.0,14.87,0.0023,10.06,0,54.87,C,UNREVIEWED,https://raw.githubusercontent.com/supercdn2/fluxcore-video-assets/main/voice-casting/journalia-torture/speaker_26.mp3
71,52,97.8,28.46,-45.05,-15.87,0.0,15.87,0.002,10.1,0,67.16,C,UNREVIEWED,https://raw.githubusercontent.com/supercdn2/fluxcore-video-assets/main/voice-casting/journalia-torture/speaker_52.mp3
72,85,97.6,28.32,-48.95,-18.47,0.0,18.47,0.0018,13.72,0,55.71,C,UNREVIEWED,https://raw.githubusercontent.com/supercdn2/fluxcore-video-assets/main/voice-casting/journalia-torture/speaker_85.mp3
73,48,97.5,28.2,-43.41,-15.52,0.0,15.52,0.0013,7.39,0,79.06,C,UNREVIEWED,https://raw.githubusercontent.com/supercdn2/fluxcore-video-assets/main/voice-casting/journalia-torture/speaker_48.mp3
74,33,97.1,27.95,-45.2,-15.98,0.0,15.98,0.0028,10.09,0,55.7,C,UNREVIEWED,https://raw.githubusercontent.com/supercdn2/fluxcore-video-assets/main/voice-casting/journalia-torture/speaker_33.mp3
75,31,96.7,27.65,-46.66,-16.66,0.0,16.66,0.0019,10.7,0,64.47,C,UNREVIEWED,https://raw.githubusercontent.com/supercdn2/fluxcore-video-assets/main/voice-casting/journalia-torture/speaker_31.mp3
76,56,96.0,64.99,-84.08,-15.75,0.0,15.75,0.0034,19.51,1,67.36,C,UNREVIEWED,https://raw.githubusercontent.com/supercdn2/fluxcore-video-assets/main/voice-casting/journalia-torture/speaker_56.mp3
77,84,96.0,52.9,-75.9,-18.08,0.0,18.08,0.0016,26.3,1,80.24,C,UNREVIEWED,https://raw.githubusercontent.com/supercdn2/fluxcore-video-assets/main/voice-casting/journalia-torture/speaker_84.mp3
78,61,96.0,47.71,-64.87,-15.29,0.0,15.29,0.0025,21.14,1,76.38,C,UNREVIEWED,https://raw.githubusercontent.com/supercdn2/fluxcore-video-assets/main/voice-casting/journalia-torture/speaker_61.mp3
79,90,96.0,47.28,-65.04,-16.07,0.0,16.07,0.0018,21.13,1,69.48,C,UNREVIEWED,https://raw.githubusercontent.com/supercdn2/fluxcore-video-assets/main/voice-casting/journalia-torture/speaker_90.mp3
80,103,96.0,46.18,-67.75,-17.92,0.0,17.93,0.001,22.6,1,76.29,C,UNREVIEWED,https://raw.githubusercontent.com/supercdn2/fluxcore-video-assets/main/voice-casting/journalia-torture/speaker_103.mp3
81,110,96.0,45.94,-64.37,-15.48,0.0,15.48,0.0028,23.22,1,86.05,C,UNREVIEWED,https://raw.githubusercontent.com/supercdn2/fluxcore-video-assets/main/voice-casting/journalia-torture/speaker_110.mp3
82,71,96.0,44.05,-62.33,-16.47,0.0,16.47,0.0011,20.56,1,85.82,C,UNREVIEWED,https://raw.githubusercontent.com/supercdn2/fluxcore-video-assets/main/voice-casting/journalia-torture/speaker_71.mp3
83,124,96.0,43.08,-64.33,-16.58,0.0,16.58,0.0022,20.3,1,74.41,C,UNREVIEWED,https://raw.githubusercontent.com/supercdn2/fluxcore-video-assets/main/voice-casting/journalia-torture/speaker_124.mp3
84,18,96.0,42.8,-59.77,-15.66,0.0,15.66,0.0011,18.45,1,69.6,C,UNREVIEWED,https://raw.githubusercontent.com/supercdn2/fluxcore-video-assets/main/voice-casting/journalia-torture/speaker_18.mp3
85,104,96.0,42.16,-60.69,-15.75,0.0,15.75,0.0017,19.78,1,66.85,C,UNREVIEWED,https://raw.githubusercontent.com/supercdn2/fluxcore-video-assets/main/voice-casting/journalia-torture/speaker_104.mp3
86,43,96.0,41.79,-61.92,-16.97,0.0,16.97,0.0019,20.64,1,78.69,C,UNREVIEWED,https://raw.githubusercontent.com/supercdn2/fluxcore-video-assets/main/voice-casting/journalia-torture/speaker_43.mp3
87,120,96.0,41.17,-59.93,-15.84,0.0,15.84,0.0021,18.69,1,72.88,C,UNREVIEWED,https://raw.githubusercontent.com/supercdn2/fluxcore-video-assets/main/voice-casting/journalia-torture/speaker_120.mp3
88,83,96.0,39.19,-58.36,-16.68,0.0,16.68,0.0017,22.54,1,75.96,C,UNREVIEWED,https://raw.githubusercontent.com/supercdn2/fluxcore-video-assets/main/voice-casting/journalia-torture/speaker_83.mp3
89,101,96.0,39.04,-56.39,-15.19,0.0,15.19,0.0018,18.85,1,75.96,C,UNREVIEWED,https://raw.githubusercontent.com/supercdn2/fluxcore-video-assets/main/voice-casting/journalia-torture/speaker_101.mp3
90,65,96.0,38.92,-55.41,-15.92,0.0,15.92,0.0016,14.63,1,91.89,C,UNREVIEWED,https://raw.githubusercontent.com/supercdn2/fluxcore-video-assets/main/voice-casting/journalia-torture/speaker_65.mp3
91,20,96.0,38.37,-57.58,-16.87,0.0,16.87,0.0018,16.22,1,63.89,C,UNREVIEWED,https://raw.githubusercontent.com/supercdn2/fluxcore-video-assets/main/voice-casting/journalia-torture/speaker_20.mp3
92,94,96.0,37.85,-57.73,-16.46,0.0,16.46,0.0015,19.05,1,82.85,C,UNREVIEWED,https://raw.githubusercontent.com/supercdn2/fluxcore-video-assets/main/voice-casting/journalia-torture/speaker_94.mp3
93,107,96.0,37.02,-54.93,-15.88,0.0,15.88,0.0016,19.34,1,87.8,C,UNREVIEWED,https://raw.githubusercontent.com/supercdn2/fluxcore-video-assets/main/voice-casting/journalia-torture/speaker_107.mp3
94,111,96.0,35.86,-53.56,-15.66,0.0,15.66,0.0026,17.47,1,78.31,C,UNREVIEWED,https://raw.githubusercontent.com/supercdn2/fluxcore-video-assets/main/voice-casting/journalia-torture/speaker_111.mp3
95,60,96.0,35.58,-49.28,-13.11,0.0,13.11,0.0033,17.21,1,63.33,C,UNREVIEWED,https://raw.githubusercontent.com/supercdn2/fluxcore-video-assets/main/voice-casting/journalia-torture/speaker_60.mp3
96,102,96.0,35.5,-55.28,-16.9,0.0,16.9,0.001,19.99,1,78.93,C,UNREVIEWED,https://raw.githubusercontent.com/supercdn2/fluxcore-video-assets/main/voice-casting/journalia-torture/speaker_102.mp3
97,9,96.0,35.24,-56.59,-17.74,0.0,17.74,0.0021,23.67,1,68.21,C,UNREVIEWED,https://raw.githubusercontent.com/supercdn2/fluxcore-video-assets/main/voice-casting/journalia-torture/speaker_9.mp3
98,119,96.0,35.09,-54.76,-16.87,0.0,16.87,0.0022,18.58,1,71.39,C,UNREVIEWED,https://raw.githubusercontent.com/supercdn2/fluxcore-video-assets/main/voice-casting/journalia-torture/speaker_119.mp3
99,115,96.0,34.03,-51.76,-15.38,0.0,15.38,0.0012,16.8,1,75.1,C,UNREVIEWED,https://raw.githubusercontent.com/supercdn2/fluxcore-video-assets/main/voice-casting/journalia-torture/speaker_115.mp3
100,112,96.0,32.61,-49.57,-15.59,0.0,15.59,0.0024,14.5,1,74.79,C,UNREVIEWED,https://raw.githubusercontent.com/supercdn2/fluxcore-video-assets/main/voice-casting/journalia-torture/speaker_112.mp3
101,69,96.0,31.01,-48.44,-16.43,0.0,16.43,0.0016,13.36,1,64.36,C,UNREVIEWED,https://raw.githubusercontent.com/supercdn2/fluxcore-video-assets/main/voice-casting/journalia-torture/speaker_69.mp3
102,1,95.9,41.95,-58.01,-14.67,0.0,14.67,0.0048,18.7,1,70.26,C,UNREVIEWED,https://raw.githubusercontent.com/supercdn2/fluxcore-video-assets/main/voice-casting/journalia-torture/speaker_1.mp3
103,54,95.9,39.43,-55.72,-14.62,0.0,14.63,0.0047,19.63,1,57.07,C,UNREVIEWED,https://raw.githubusercontent.com/supercdn2/fluxcore-video-assets/main/voice-casting/journalia-torture/speaker_54.mp3
104,47,95.9,27.06,-43.82,-15.69,0.0,15.69,0.0012,9.0,0,76.92,C,UNREVIEWED,https://raw.githubusercontent.com/supercdn2/fluxcore-video-assets/main/voice-casting/journalia-torture/speaker_47.mp3
105,50,95.6,26.91,-42.69,-14.8,0.0,14.8,0.0031,8.68,0,61.97,C,UNREVIEWED,https://raw.githubusercontent.com/supercdn2/fluxcore-video-assets/main/voice-casting/journalia-torture/speaker_50.mp3
106,89,95.3,26.66,-42.24,-15.48,0.0,15.48,0.0014,6.07,0,80.67,C,UNREVIEWED,https://raw.githubusercontent.com/supercdn2/fluxcore-video-assets/main/voice-casting/journalia-torture/speaker_89.mp3
107,81,92.4,24.58,-48.83,-21.72,0.0,21.72,0.0016,14.2,0,68.87,C,UNREVIEWED,https://raw.githubusercontent.com/supercdn2/fluxcore-video-assets/main/voice-casting/journalia-torture/speaker_81.mp3
108,37,92.0,67.15,-83.06,-13.13,0.0,13.13,0.0028,21.01,2,68.07,C,UNREVIEWED,https://raw.githubusercontent.com/supercdn2/fluxcore-video-assets/main/voice-casting/journalia-torture/speaker_37.mp3
109,108,92.0,43.7,-65.96,-19.01,0.0,19.01,0.0014,21.31,2,82.31,C,UNREVIEWED,https://raw.githubusercontent.com/supercdn2/fluxcore-video-assets/main/voice-casting/journalia-torture/speaker_108.mp3
110,76,92.0,43.18,-63.1,-17.49,0.0,17.49,0.0006,22.16,2,86.29,C,UNREVIEWED,https://raw.githubusercontent.com/supercdn2/fluxcore-video-assets/main/voice-casting/journalia-torture/speaker_76.mp3
111,117,92.0,42.98,-61.24,-15.46,0.0,15.46,0.0029,20.5,2,72.19,C,UNREVIEWED,https://raw.githubusercontent.com/supercdn2/fluxcore-video-assets/main/voice-casting/journalia-torture/speaker_117.mp3
112,63,92.0,40.52,-60.8,-18.37,0.0,18.37,0.0012,23.19,2,68.33,C,UNREVIEWED,https://raw.githubusercontent.com/supercdn2/fluxcore-video-assets/main/voice-casting/journalia-torture/speaker_63.mp3
113,38,92.0,36.99,-60.17,-20.17,0.0,20.17,0.0021,20.65,2,64.8,C,UNREVIEWED,https://raw.githubusercontent.com/supercdn2/fluxcore-video-assets/main/voice-casting/journalia-torture/speaker_38.mp3
114,6,92.0,33.64,-54.32,-18.61,0.0,18.61,0.0017,13.26,2,72.57,C,UNREVIEWED,https://raw.githubusercontent.com/supercdn2/fluxcore-video-assets/main/voice-casting/journalia-torture/speaker_6.mp3
115,73,92.0,32.67,-49.85,-15.61,0.0,15.61,0.0021,12.83,2,72.51,C,UNREVIEWED,https://raw.githubusercontent.com/supercdn2/fluxcore-video-assets/main/voice-casting/journalia-torture/speaker_73.mp3
116,35,91.9,27.08,-46.72,-18.01,0.0,18.01,0.0012,10.89,1,69.63,C,UNREVIEWED,https://raw.githubusercontent.com/supercdn2/fluxcore-video-assets/main/voice-casting/journalia-torture/speaker_35.mp3
117,75,90.7,23.41,-35.84,-12.6,0.0,12.6,0.004,4.34,0,58.13,C,UNREVIEWED,https://raw.githubusercontent.com/supercdn2/fluxcore-video-assets/main/voice-casting/journalia-torture/speaker_75.mp3
118,28,88.0,70.1,-89.7,-17.47,0.0,17.47,0.0017,27.27,3,63.68,C,UNREVIEWED,https://raw.githubusercontent.com/supercdn2/fluxcore-video-assets/main/voice-casting/journalia-torture/speaker_28.mp3
119,5,88.0,44.79,-61.4,-15.59,0.0,15.59,0.0008,19.09,3,72.71,C,UNREVIEWED,https://raw.githubusercontent.com/supercdn2/fluxcore-video-assets/main/voice-casting/journalia-torture/speaker_5.mp3
120,23,85.4,19.62,-33.59,-15.55,0.0,15.55,0.0024,4.43,0,70.5,C,UNREVIEWED,https://raw.githubusercontent.com/supercdn2/fluxcore-video-assets/main/voice-casting/journalia-torture/speaker_23.mp3
121,7,85.0,44.17,-62.61,-16.16,0.0,16.16,0.0027,20.03,4,75.19,C,UNREVIEWED,https://raw.githubusercontent.com/supercdn2/fluxcore-video-assets/main/voice-casting/journalia-torture/speaker_7.mp3
122,53,85.0,41.88,-62.4,-16.68,0.0,16.68,0.0023,21.08,4,57.88,C,UNREVIEWED,https://raw.githubusercontent.com/supercdn2/fluxcore-video-assets/main/voice-casting/journalia-torture/speaker_53.mp3
123,113,77.2,13.74,-25.03,-14.76,0.0,14.76,0.0019,3.02,0,72.81,C,UNREVIEWED,https://raw.githubusercontent.com/supercdn2/fluxcore-video-assets/main/voice-casting/journalia-torture/speaker_113.mp3
124,58,76.0,12.89,-20.87,-14.04,0.0,14.04,0.0014,2.94,0,72.84,C,UNREVIEWED,https://raw.githubusercontent.com/supercdn2/fluxcore-video-assets/main/voice-casting/journalia-torture/speaker_58.mp3
